 <datasources>
 <xa-datasource>
  <jndi-name>OracleDS</jndi-name> 
  <track-connection-by-tx /> 
  <isSameRM-override-value>false</isSameRM-override-value> 
  <xa-datasource-class>oracle.jdbc.xa.client.OracleXADataSource</xa-datasource-class> 
  <xa-datasource-property name="URL">jdbc:oracle:thin:@sdc-chinagm-qa1-15.gecwalmart.com:1525:cnmappq1</xa-datasource-property> 
  <xa-datasource-property name="User">cn_payment</xa-datasource-property> 
  <xa-datasource-property name="Password">cn_q1pacn</xa-datasource-property> 
 <!--  Uses the pingDatabase method to check a connection is still valid before handing it out from the pool 
  --> 
 <!-- valid-connection-checker-class-name>org.jboss.resource.adapter.jdbc.vendor.OracleValidConnectionChecker</valid-connection-checker-class-name
  --> 
 <!--  Checks the Oracle error codes and messages for fatal errors 
  --> 
  <exception-sorter-class-name>org.jboss.resource.adapter.jdbc.vendor.OracleExceptionSorter</exception-sorter-class-name> 
 <!--  Oracles XA datasource cannot reuse a connection outside a transaction once enlisted in a global transaction and vice-versa 
  --> 
  <no-tx-separate-pools /> 
 <!--  corresponding type-mapping in the standardjbosscmp-jdbc.xml (optional) 
  --> 
  <metadata>
  <type-mapping>Oracle9i</type-mapping> 
  </metadata>
  </xa-datasource>
 <mbean code="org.jboss.resource.adapter.jdbc.vendor.OracleXAExceptionFormatter" name="jboss.jca:service=OracleXAExceptionFormatter">
  <depends optional-attribute-name="TransactionManagerService">jboss:service=TransactionManager</depends> 
  </mbean>
  </datasources>