<?xml version="1.0" encoding="UTF-8"?>
<beans xmlns="http://www.springframework.org/schema/beans"
	xmlns:xsi="http://www.w3.org/2001/XMLSchema-instance" xmlns:p="http://www.springframework.org/schema/p"
	xmlns:aop="http://www.springframework.org/schema/aop" xmlns:tx="http://www.springframework.org/schema/tx"
	xmlns:jms="http://www.springframework.org/schema/jms" xmlns:oxm="http://www.springframework.org/schema/oxm"
	xmlns:jee="http://www.springframework.org/schema/jee" xmlns:context="http://www.springframework.org/schema/context"
	xsi:schemaLocation="http://www.springframework.org/schema/beans http://www.springframework.org/schema/beans/spring-beans-3.0.xsd
            http://www.springframework.org/schema/aop http://www.springframework.org/schema/aop/spring-aop-2.0.xsd
            http://www.springframework.org/schema/jee http://www.springframework.org/schema/jee/spring-jee-3.0.xsd
            http://www.springframework.org/schema/tx http://www.springframework.org/schema/tx/spring-tx-2.0.xsd
            http://www.springframework.org/schema/context http://www.springframework.org/schema/context/spring-context-2.5.xsd
            http://www.springframework.org/schema/jms http://www.springframework.org/schema/jms/spring-jms-3.0.xsd
            http://www.springframework.org/schema/oxm http://www.springframework.org/schema/oxm/spring-oxm-3.0.xsd">

	<!-- =============================Spring JTA JOTM transaction management============================= -->
	<context:annotation-config />
	<context:component-scan base-package="*" />

	<!-- Property file configuration -->
	<bean id="propertyConfigurer"
		class="org.springframework.beans.factory.config.PropertyPlaceholderConfigurer">
		<property name="location" value="classpath:paymentGateway.properties" />
	</bean>
	<bean
		class="org.springframework.orm.jpa.support.PersistenceAnnotationBeanPostProcessor" />
	<jee:jndi-lookup id="dataSource" jndi-name="java:OracleDS" />

	<bean id="myEntityManagerFactory"
		class="org.springframework.orm.jpa.LocalContainerEntityManagerFactoryBean">
		<property name="dataSource" ref="dataSource" />
		<property name="persistenceXmlLocation" value="classpath:/META-INF/persistence.xml" />
		<property name="persistenceUnitName" value="paymentPersistenceUnit" />
		<property name="jpaVendorAdapter">
			<bean class="org.springframework.orm.jpa.vendor.HibernateJpaVendorAdapter">
				<property name="showSql" value="true" />
				<property name="database" value="ORACLE" />
			</bean>
		</property>
		<property name="loadTimeWeaver">
			<bean
				class="org.springframework.instrument.classloading.InstrumentationLoadTimeWeaver" />
		</property>
	</bean>

	<bean name="processor"
		class="com.walmart.paymentgateway.processor.PaymentProcessorFactory"
		factory-method="getProcessorInstance">
		<constructor-arg value="ALIPAY" />
	</bean>
	<bean name="walmart"
		class="com.walmart.paymentgateway.processor.PaymentProcessorFactory"
		factory-method="getProcessorInstance">
		<constructor-arg value="WALMART" />
	</bean>
	<bean name="alipayConfigHolder"
		class="com.walmart.paymentgateway.service.provider.alipay.AlipayConfigHolder">
		<constructor-arg ref="alipayServiceDao"/>
	</bean>
	<bean name="payMethodHolder"
		class="com.walmart.paymentgateway.common.util.PayMethodHolder">
		<constructor-arg ref="staticLookUpDao"/>
	</bean>
	
	<bean id="transactionManager"
		class="org.springframework.transaction.jta.JtaTransactionManager" />

	<tx:advice id="txAdviceService" transaction-manager="transactionManager">
		<tx:attributes>
			<tx:method name="handlePaymentRequest" />
			<tx:method name="handleCancelRequest" />
			<tx:method name="handleNotificationService" />
		</tx:attributes>
	</tx:advice>
	<aop:config>
		<aop:pointcut id="serviceOperation"
			expression="execution(* com.walmart.paymentgateway.service.*.*(..))" />
		<aop:advisor advice-ref="txAdviceService" pointcut-ref="serviceOperation" />
	</aop:config>

	<!-- ============================= Tibco initial context============================= -->


	<!-- Using Jndi Template to Configure the Environment Details -->
	<bean id="jndiTemplate" class="org.springframework.jndi.JndiTemplate">
		<property name="environment">
			<props>
				<prop key="java.naming.factory.initial">com.tibco.tibjms.naming.TibjmsInitialContextFactory
				</prop>
				<prop key="java.naming.provider.url">${tibco.url}</prop>
			</props>
		</property>
	</bean>

	<bean id="authenticationConnectionFactory"
		class="org.springframework.jms.connection.UserCredentialsConnectionFactoryAdapter">
		<property name="targetConnectionFactory" ref="ConnectionFactory" />
		<property name="username" value="${tibco.username}" />
		<property name="password" value="${tibco.password}" />
	</bean>

	<!-- look up the JMS ConnectionFactory in JNDI -->

	<bean id="ConnectionFactory" class="org.springframework.jndi.JndiObjectFactoryBean">
		<property name="jndiTemplate">
			<ref bean="jndiTemplate" />
		</property>
		<property name="jndiName">
			<value>${tibco.connectionFactory}</value>
		</property>
	</bean>


	<!-- JMS Template for Posting Message to Queue -->

	<bean id="jmsTemplate" class="org.springframework.jms.core.JmsTemplate">
		<property name="connectionFactory">
			<ref bean="ConnectionFactory" />
		</property>
		<property name="messageConverter">
			<ref bean="domainMessageConverter" />
		</property>
	</bean>

	<!-- =============================Message Listener ============================= -->

	<!-- look up the Destination in JNDI -->

	<bean id="queueForPaymentNotificationReceive" class="org.springframework.jndi.JndiObjectFactoryBean">
		<property name="jndiTemplate">
			<ref bean="jndiTemplate" />
		</property>
		<property name="jndiName">
			<value>${tibco.queueForPaymentNotificationReceive}</value>
		</property>
	</bean>

	<bean id="queueForRefundNotificationReceive" class="org.springframework.jndi.JndiObjectFactoryBean">
		<property name="jndiTemplate">
			<ref bean="jndiTemplate" />
		</property>
		<property name="jndiName">
			<value>${tibco.queueForRefundNotificationReceive}</value>
		</property>
	</bean>
	<bean id="queueForCancelRequestReceive" class="org.springframework.jndi.JndiObjectFactoryBean">
		<property name="jndiTemplate">
			<ref bean="jndiTemplate" />
		</property>
		<property name="jndiName">
			<value>${tibco.queueForCancelRequestReceive}</value>
		</property>
	</bean>
	<bean id="queueForRefundRequestReceive" class="org.springframework.jndi.JndiObjectFactoryBean">
		<property name="jndiTemplate">
			<ref bean="jndiTemplate" />
		</property>
		<property name="jndiName">
			<value>${tibco.queueForRefundRequestReceive}</value>
		</property>
	</bean>


	<!-- =============================Message Senders ============================= -->

	<bean id="queueForPaymentStatusPost" class="org.springframework.jndi.JndiObjectFactoryBean">
		<property name="jndiTemplate">
			<ref bean="jndiTemplate" />
		</property>
		<property name="jndiName">
			<value>${tibco.queueForPaymentStatusPost}</value>
		</property>
	</bean>
	<bean id="queueForRefundStatusPost" class="org.springframework.jndi.JndiObjectFactoryBean">
		<property name="jndiTemplate">
			<ref bean="jndiTemplate" />
		</property>
		<property name="jndiName">
			<value>${tibco.queueForRefundStatusPost}</value>
		</property>
	</bean>



	<!-- <bean id="notificationListener" class="com.walmart.paymentgateway.message.listener.NotificationListener"/> 
		<bean id="paymentConfirmationListener" class="com.walmart.paymentgateway.message.listener.PaymentConfirmationListener"/> -->




	<!-- This is the Message Driven POJO (MDP) -->

	<bean id="messageListener"
		class="org.springframework.jms.listener.adapter.MessageListenerAdapter"
		p:defaultListenerMethod="receive" p:messageConverter-ref="domainMessageConverter">
		<constructor-arg>
			<bean
				class="com.walmart.paymentgateway.message.listener.MessageListenerDelegate" />
		</constructor-arg>
	</bean>


	<bean id="jmsContainerPaymentNotification"
		class="org.springframework.jms.listener.DefaultMessageListenerContainer">
		<property name="connectionFactory" ref="ConnectionFactory" />
		<property name="destination" ref="queueForPaymentNotificationReceive" />
		<property name="messageListener" ref="messageListener" />
	</bean>

	<bean id="jmsContainerRefundNotification"
		class="org.springframework.jms.listener.DefaultMessageListenerContainer">
		<property name="connectionFactory" ref="ConnectionFactory" />
		<property name="destination" ref="queueForRefundNotificationReceive" />
		<property name="messageListener" ref="messageListener" />
	</bean>

	<bean id="jmsContainerCancelRequest"
		class="org.springframework.jms.listener.DefaultMessageListenerContainer">
		<property name="connectionFactory" ref="ConnectionFactory" />
		<property name="destination" ref="queueForCancelRequestReceive" />
		<property name="messageListener" ref="messageListener" />
	</bean>

	<bean id="jmsContainerRefundRequest"
		class="org.springframework.jms.listener.DefaultMessageListenerContainer">
		<property name="connectionFactory" ref="ConnectionFactory" />
		<property name="destination" ref="queueForRefundRequestReceive" />
		<property name="messageListener" ref="messageListener" />
	</bean>

	<!-- Converts Message Read from Queue to JAXB Domain Objects -->
	<bean id="domainMessageConverter"
		class="com.walmart.paymentgateway.service.message.converter.JMSMarshallingMessageConverter">
		<property name="marshaller" ref="paymentDomainMarshaller" />
		<property name="unmarshaller" ref="paymentDomainMarshaller" />
		<property name="targetType" value="TEXT" />
	</bean>

	<bean id="paymentDomainMarshaller" class="org.springframework.oxm.jaxb.Jaxb2Marshaller">
		<property name="classesToBeBound">
			<list>
				<value>com.walmart.paymentgateway.service.domain.CancelRequest
				</value>
				<value>com.walmart.paymentgateway.service.domain.CancelResponse
				</value>
				<value>com.walmart.paymentgateway.service.domain.CancelTransactionRequest
				</value>
				<value>com.walmart.paymentgateway.service.domain.CancelTransactionResponse
				</value>
				<value>com.walmart.paymentgateway.service.domain.Customer</value>
				<value>com.walmart.paymentgateway.service.domain.Error</value>
				<value>com.walmart.paymentgateway.service.domain.OrderTransactionQueryRequest
				</value>
				<value>com.walmart.paymentgateway.service.domain.OrderTransactionQueryResponse
				</value>
				<value>com.walmart.paymentgateway.service.domain.Payment</value>
				<value>com.walmart.paymentgateway.service.domain.PaymentNotification
				</value>
				<value>com.walmart.paymentgateway.service.domain.PaymentRequest
				</value>
				<value>com.walmart.paymentgateway.service.domain.PaymentResponse
				</value>
				<value>com.walmart.paymentgateway.service.domain.PaymentStatus
				</value>
				<value>com.walmart.paymentgateway.service.domain.PaymentTransaction
				</value>
				<value>com.walmart.paymentgateway.service.domain.PayUrlRequest
				</value>
				<value>com.walmart.paymentgateway.service.domain.PayUrlResponse
				</value>
				<value>com.walmart.paymentgateway.service.domain.Refund</value>
				<value>com.walmart.paymentgateway.service.domain.RefundNotification
				</value>
				<value>com.walmart.paymentgateway.service.domain.RefundRequest
				</value>
				<value>com.walmart.paymentgateway.service.domain.RefundResponse
				</value>
				<value>com.walmart.paymentgateway.service.domain.RefundTransaction
				</value>
				<value>com.walmart.paymentgateway.service.domain.RefundTransactionRequest
				</value>
				<value>com.walmart.paymentgateway.service.domain.RefundTransactionResponse
				</value>
				<value>com.walmart.paymentgateway.service.domain.SingleTransactionQueryRequest
				</value>
				<value>com.walmart.paymentgateway.service.domain.SingleTransactionQueryResponse
				</value>
				<value>com.walmart.paymentgateway.service.domain.TransactionEvent
				</value>
			</list>
		</property>
	</bean>

	<!-- JAXB2 Marshaller Configuration for Domain Classes -->
	<oxm:jaxb2-marshaller id="alipayDomainMarshaller"
		contextPath="com.walmart.paymentgateway.service.provider.alipay.domain" />

</beans>