<?xml version="1.0" encoding="UTF-8"?>
<entity-mappings version="1.0"
	xmlns="http://java.sun.com/xml/ns/persistence/orm" xmlns:xsi="http://www.w3.org/2001/XMLSchema-instance"
	xsi:schemaLocation="http://java.sun.com/xml/ns/persistence/orm http://java.sun.com/xml/ns/persistence/orm_1_0.xsd ">
	<named-query name="SrvProviderPayTypeCodeEntity.BY_INT_PAY_CODE">
		<query>
			From SrvProviderPayTypeCodeEntity srvpmc where srvpmc.intPayCode = :intPayCode and srvpmc.softDelete = :softDelete 		
		</query>
	</named-query>
	<named-query name="AccountEntity.BY_NAME">
		<query>
			From AccountEntity acc where acc.extCustomerId = :extCustomerId and acc.softDelete = :softDelete 		
		</query>
	</named-query>
	<named-query name="OrderInfoEntity.BY_ORDER_ID">
		<query>
			From OrderInfoEntity order where order.extOrderId = :extOrderId and order.softDelete = :softDelete 		
		</query>
	</named-query>
	<named-query name="DomainLkEntity.BY_NAME">
		<query>
			From DomainLkEntity domain where domain.name = :name and domain.softDelete = :softDelete 		
		</query>
	</named-query>
		<named-query name="RequestOriginLkEntity.BY_NAME">
		<query>
			From RequestOriginLkEntity origin where origin.name = :name and origin.softDelete = :softDelete 		
		</query>
	</named-query>
		<named-query name="ChannelLkEntity.BY_NAME">
		<query>
			From ChannelLkEntity channel where channel.name = :name and channel.softDelete = :softDelete 		
		</query>
	</named-query>
	<named-query name="ChannelLkEntity.BY_ID">
		<query>
			From ChannelLkEntity channel where channel.channelPk = :channelPk and channel.softDelete = :softDelete 		
		</query>
	</named-query>
	<named-query name="TransactionTypeLkEntity.BY_NAME">
		<query>
			From TransactionTypeLkEntity transtype where transtype.name = :name and transtype.softDelete = :softDelete 		
		</query>
	</named-query>
	<named-query name="TransactionEventStatusEntity.BY_NAME">
		<query>
			From TransactionEventStatusEntity eventstatus where eventstatus.name = :name and eventstatus.softDelete = :softDelete 		
		</query>
	</named-query>
	<named-query name="TransactionEntity.BY_INT_CORRELATION_ID">
		<query>
			From TransactionEntity trans where trans.intCorrelationId = :intCorrelationId and trans.softDelete = :softDelete 		
		</query>
	</named-query>
	<named-query name="TransactionEntity.BY_EXT_CORRELATION_ID">
		<query>
			From TransactionEntity trans where trans.extCorrelationId = :extCorrelationId and trans.softDelete = :softDelete 		
		</query>
	</named-query>
	<named-query name="TransactionStatusEntity.BY_NAME">
		<query>
			From TransactionStatusEntity status where status.name = :name and status.softDelete = :softDelete 		
		</query>
	</named-query>
	<named-query name="AlipayPaymentNotificationEntity.BY_TRADE_NO">
		<query>
			From AlipayPaymentNotificationEntity paynotify where paynotify.tradeNo = :tradeNo and paynotify.softDelete = :softDelete 		
		</query>
	</named-query>
	<named-query name="AlipayAccountConfigEntity.BY_FETCH_ALL">
		<query>
			From AlipayAccountConfigEntity config where config.softDelete = :softDelete 		
		</query>
	</named-query>
	<named-query name="SrvProviderEntity.BY_FETCH_ALL">
		<query>
			From SrvProviderEntity srvProvider where srvProvider.softDelete = :softDelete 		
		</query>
	</named-query>
	<named-query name="TransactionEntity.BY_PAYREQUEST">
		<query>
			from TransactionEntity t where  t.orderInfo.extOrderId = :extOrderId  and t.amount= :amount and t.extCorrelationId =:extCorrelationId and t.channelLk.name = :name and t.srvProviderPayTypeCode.intPayCode = :intPayCode and t.softDelete = :softDelete		
		</query>
	</named-query>
	
</entity-mappings>

